{
  "n_pos": 68,
  "n_neg": 472,
  "ablation_roc_auc": {
    "tissue_only": 0.8133467875909085,
    "level_only": 0.8263340265557511,
    "shape_only": 0.8019622214291867,
    "level+shape": 0.8289345581630017,
    "level+shape+tissue": 0.832172427796168
  },
  "best_combo": "level+shape+tissue",
  "model": "logreg",
  "best_params": {
    "clf__C": 0.3
  },
  "cv_roc_auc_tuned": 0.8329627136581224,
  "oof_roc_auc": 0.8222208374875374,
  "oof_pr_auc": 0.42858207043614244,
  "confusion_matrix": [
    [
      421,
      51
    ],
    [
      31,
      37
    ]
  ],
  "permutation_importance": {
    "n_obs": 0.05873,
    "mean": 0.04337,
    "brain_cerebellum": 0.03915,
    "kurt": 0.03149,
    "nonbrain_max": 0.01502,
    "rightheight": 0.01348,
    "min": 0.01145,
    "skew": 0.01113,
    "truncationindex": 0.00719,
    "brain_is_top": 0.00647,
    "tau": 0.00615,
    "x0": 0.00364,
    "brain_mean": 0.00313,
    "brain_max": 0.003,
    "log2fc_brain_vs_nonbrain": 0.00253,
    "std": 0.00227,
    "y0": 0.00155,
    "nonbrain_mean": 0.00072,
    "max": 0.00017,
    "maxheight": 0.00013,
    "A": 0.00011,
    "w_x0": -3e-05,
    "ti_fourparam_sigma_dist": -0.00017,
    "cv": -0.00041
  }
}